id,title,description,link,image_link,additional_image_link,availability,price,condition,brand,mpn,product_type,google_product_category,material
atlas-sectional,ARVA Atlas Sectional Cloud-Style Sofa - Modular Cloud Sectional Comfort (cloud sectional),"Atlas Sectional is built for buyers searching for a cloud sectional look, but with better long-term support and structure than typical sink-in cloud couches.

Highlights:
- Real back support with structured comfort for daily sitting
- Performance-weave fabric designed for spill resistance and pet friendliness
- Durable construction that holds shape over time
- Tool-free modular setup with cleaner fit-and-finish
- Built as a better-built cloud-style sofa for real-life use",https://livearva.com/products/atlas-sectional,https://livearva.com/images/merchant/atlas-sectional-hero.jpg,,in_stock,2499.00 USD,new,ARVA,ARVA-ATLAS-SECTIONAL,Furniture > Sofas > Sectionals,2740,performance weave fabric
atlas-3-seater,ARVA Atlas 3-Seater Cloud-Style Sofa - Structured Everyday Support (cloud couch),"Atlas 3-Seater is built for buyers searching for a cloud couch look, but with better long-term support and structure than typical sink-in cloud couches.

Highlights:
- Real back support with structured comfort for daily sitting
- Performance-weave fabric designed for spill resistance and pet friendliness
- Durable construction that holds shape over time
- Tool-free modular setup with cleaner fit-and-finish
- Built as a better-built cloud-style sofa for real-life use",https://livearva.com/products/atlas-3-seater,https://livearva.com/images/merchant/atlas-3-seater-hero.jpg,,in_stock,1899.00 USD,new,ARVA,ARVA-ATLAS-3SEATER,Furniture > Sofas > Standard Sofas,2740,performance weave fabric
atlas-loveseat,ARVA Atlas Loveseat Cloud-Style Sofa - Compact Structured Comfort (cloud modular couch),"Atlas Loveseat is built for buyers searching for a cloud modular couch look, but with better long-term support and structure than typical sink-in cloud couches.

Highlights:
- Real back support with structured comfort for daily sitting
- Performance-weave fabric designed for spill resistance and pet friendliness
- Durable construction that holds shape over time
- Tool-free modular setup with cleaner fit-and-finish
- Built as a better-built cloud-style sofa for real-life use",https://livearva.com/products/atlas-loveseat,https://livearva.com/images/merchant/atlas-loveseat-hero.jpg,,in_stock,1299.00 USD,new,ARVA,ARVA-ATLAS-LOVESEAT,Furniture > Sofas > Loveseats,2740,performance weave fabric
alto-sectional,ARVA Alto Sectional Cloud-Style Sofa - Modular Cloud Sectional Comfort (cloud sectional),"Alto Sectional is built for buyers searching for a cloud sectional look, but with better long-term support and structure than typical sink-in cloud couches.

Highlights:
- Real back support with structured comfort for daily sitting
- Performance-weave fabric designed for spill resistance and pet friendliness
- Durable construction that holds shape over time
- Tool-free modular setup with cleaner fit-and-finish
- Built as a better-built cloud-style sofa for real-life use",https://livearva.com/products/alto-sectional,https://livearva.com/images/merchant/alto-sectional-hero.jpg,,in_stock,2799.00 USD,new,ARVA,ARVA-ALTO-SECTIONAL,Furniture > Sofas > Sectionals,2740,performance weave fabric
alto-3-seater,ARVA Alto 3-Seater Cloud-Style Sofa - Structured Everyday Support (cloud couch),"Alto 3-Seater is built for buyers searching for a cloud couch look, but with better long-term support and structure than typical sink-in cloud couches.

Highlights:
- Real back support with structured comfort for daily sitting
- Performance-weave fabric designed for spill resistance and pet friendliness
- Durable construction that holds shape over time
- Tool-free modular setup with cleaner fit-and-finish
- Built as a better-built cloud-style sofa for real-life use",https://livearva.com/products/alto-3-seater,https://livearva.com/images/merchant/alto-3-seater-hero.jpg,,in_stock,2099.00 USD,new,ARVA,ARVA-ALTO-3SEATER,Furniture > Sofas > Standard Sofas,2740,performance weave fabric
alto-loveseat,ARVA Alto Loveseat Cloud-Style Sofa - Compact Structured Comfort (cloud modular couch),"Alto Loveseat is built for buyers searching for a cloud modular couch look, but with better long-term support and structure than typical sink-in cloud couches.

Highlights:
- Real back support with structured comfort for daily sitting
- Performance-weave fabric designed for spill resistance and pet friendliness
- Durable construction that holds shape over time
- Tool-free modular setup with cleaner fit-and-finish
- Built as a better-built cloud-style sofa for real-life use",https://livearva.com/products/alto-loveseat,https://livearva.com/images/merchant/alto-loveseat-hero.jpg,,in_stock,1499.00 USD,new,ARVA,ARVA-ALTO-LOVESEAT,Furniture > Sofas > Loveseats,2740,performance weave fabric
oris-sectional,ARVA Oris Sectional Cloud-Style Sofa - Modular Cloud Sectional Comfort (cloud sectional),"Oris Sectional is built for buyers searching for a cloud sectional look, but with better long-term support and structure than typical sink-in cloud couches.

Highlights:
- Real back support with structured comfort for daily sitting
- Performance-weave fabric designed for spill resistance and pet friendliness
- Durable construction that holds shape over time
- Tool-free modular setup with cleaner fit-and-finish
- Built as a better-built cloud-style sofa for real-life use",https://livearva.com/products/oris-sectional,https://livearva.com/images/merchant/oris-sectional-hero.jpg,,in_stock,2699.00 USD,new,ARVA,ARVA-ORIS-SECTIONAL,Furniture > Outdoor Furniture > Outdoor Sofas,2740,weather-resistant performance weave fabric
oris-3-seater,ARVA Oris 3-Seater Cloud-Style Sofa - Structured Everyday Support (cloud couch),"Oris 3-Seater is built for buyers searching for a cloud couch look, but with better long-term support and structure than typical sink-in cloud couches.

Highlights:
- Real back support with structured comfort for daily sitting
- Performance-weave fabric designed for spill resistance and pet friendliness
- Durable construction that holds shape over time
- Tool-free modular setup with cleaner fit-and-finish
- Built as a better-built cloud-style sofa for real-life use",https://livearva.com/products/oris-3-seater,https://livearva.com/images/merchant/oris-3-seater-hero.jpg,,in_stock,1999.00 USD,new,ARVA,ARVA-ORIS-3SEATER,Furniture > Outdoor Furniture > Outdoor Sofas,2740,weather-resistant performance weave fabric
oris-loveseat,ARVA Oris Loveseat Cloud-Style Sofa - Compact Structured Comfort (cloud modular couch),"Oris Loveseat is built for buyers searching for a cloud modular couch look, but with better long-term support and structure than typical sink-in cloud couches.

Highlights:
- Real back support with structured comfort for daily sitting
- Performance-weave fabric designed for spill resistance and pet friendliness
- Durable construction that holds shape over time
- Tool-free modular setup with cleaner fit-and-finish
- Built as a better-built cloud-style sofa for real-life use",https://livearva.com/products/oris-loveseat,https://livearva.com/images/merchant/oris-loveseat-hero.jpg,,in_stock,1399.00 USD,new,ARVA,ARVA-ORIS-LOVESEAT,Furniture > Outdoor Furniture > Outdoor Sofas,2740,weather-resistant performance weave fabric