id,mpn
atlas-sectional--taupe,ARVA-ATLAS-SECTIONAL-TAUPE
atlas-sectional--ivory,ARVA-ATLAS-SECTIONAL-IVORY
atlas-sectional--beige,ARVA-ATLAS-SECTIONAL-BEIGE
atlas-sectional--light-gray,ARVA-ATLAS-SECTIONAL-LIGHTGRAY
atlas-sectional--charcoal,ARVA-ATLAS-SECTIONAL-CHARCOAL
atlas-sectional--camel,ARVA-ATLAS-SECTIONAL-CAMEL
atlas-sectional--warm-sand,ARVA-ATLAS-SECTIONAL-WARMSAND
atlas-sectional--stone,ARVA-ATLAS-SECTIONAL-STONE
atlas-sectional--olive-green,ARVA-ATLAS-SECTIONAL-OLIVEGREEN
atlas-sectional--sage-green,ARVA-ATLAS-SECTIONAL-SAGEGREEN
atlas-sectional--terracotta,ARVA-ATLAS-SECTIONAL-TERRACOTTA
atlas-sectional--rust,ARVA-ATLAS-SECTIONAL-RUST
atlas-sectional--inky-blue,ARVA-ATLAS-SECTIONAL-INKYBLUE
atlas-3-seater--taupe,ARVA-ATLAS-3SEAT-TAUPE
atlas-3-seater--ivory,ARVA-ATLAS-3SEAT-IVORY
atlas-3-seater--beige,ARVA-ATLAS-3SEAT-BEIGE
atlas-3-seater--light-gray,ARVA-ATLAS-3SEAT-LIGHTGRAY
atlas-3-seater--charcoal,ARVA-ATLAS-3SEAT-CHARCOAL
atlas-3-seater--camel,ARVA-ATLAS-3SEAT-CAMEL
atlas-3-seater--warm-sand,ARVA-ATLAS-3SEAT-WARMSAND
atlas-3-seater--stone,ARVA-ATLAS-3SEAT-STONE
atlas-3-seater--olive-green,ARVA-ATLAS-3SEAT-OLIVEGREEN
atlas-3-seater--sage-green,ARVA-ATLAS-3SEAT-SAGEGREEN
atlas-3-seater--terracotta,ARVA-ATLAS-3SEAT-TERRACOTTA
atlas-3-seater--rust,ARVA-ATLAS-3SEAT-RUST
atlas-3-seater--inky-blue,ARVA-ATLAS-3SEAT-INKYBLUE
atlas-loveseat--taupe,ARVA-ATLAS-LOVESEAT-TAUPE
atlas-loveseat--ivory,ARVA-ATLAS-LOVESEAT-IVORY
atlas-loveseat--beige,ARVA-ATLAS-LOVESEAT-BEIGE
atlas-loveseat--light-gray,ARVA-ATLAS-LOVESEAT-LIGHTGRAY
atlas-loveseat--charcoal,ARVA-ATLAS-LOVESEAT-CHARCOAL
atlas-loveseat--camel,ARVA-ATLAS-LOVESEAT-CAMEL
atlas-loveseat--warm-sand,ARVA-ATLAS-LOVESEAT-WARMSAND
atlas-loveseat--stone,ARVA-ATLAS-LOVESEAT-STONE
atlas-loveseat--olive-green,ARVA-ATLAS-LOVESEAT-OLIVEGREEN
atlas-loveseat--sage-green,ARVA-ATLAS-LOVESEAT-SAGEGREEN
atlas-loveseat--terracotta,ARVA-ATLAS-LOVESEAT-TERRACOTTA
atlas-loveseat--rust,ARVA-ATLAS-LOVESEAT-RUST
atlas-loveseat--inky-blue,ARVA-ATLAS-LOVESEAT-INKYBLUE
alto-sectional--taupe,ARVA-ALTO-SECTIONAL-TAUPE
alto-sectional--ivory,ARVA-ALTO-SECTIONAL-IVORY
alto-sectional--beige,ARVA-ALTO-SECTIONAL-BEIGE
alto-sectional--light-gray,ARVA-ALTO-SECTIONAL-LIGHTGRAY
alto-sectional--charcoal,ARVA-ALTO-SECTIONAL-CHARCOAL
alto-sectional--camel,ARVA-ALTO-SECTIONAL-CAMEL
alto-sectional--warm-sand,ARVA-ALTO-SECTIONAL-WARMSAND
alto-sectional--stone,ARVA-ALTO-SECTIONAL-STONE
alto-sectional--olive-green,ARVA-ALTO-SECTIONAL-OLIVEGREEN
alto-sectional--sage-green,ARVA-ALTO-SECTIONAL-SAGEGREEN
alto-sectional--terracotta,ARVA-ALTO-SECTIONAL-TERRACOTTA
alto-sectional--rust,ARVA-ALTO-SECTIONAL-RUST
alto-sectional--inky-blue,ARVA-ALTO-SECTIONAL-INKYBLUE
alto-3-seater--taupe,ARVA-ALTO-3SEAT-TAUPE
alto-3-seater--ivory,ARVA-ALTO-3SEAT-IVORY
alto-3-seater--beige,ARVA-ALTO-3SEAT-BEIGE
alto-3-seater--light-gray,ARVA-ALTO-3SEAT-LIGHTGRAY
alto-3-seater--charcoal,ARVA-ALTO-3SEAT-CHARCOAL
alto-3-seater--camel,ARVA-ALTO-3SEAT-CAMEL
alto-3-seater--warm-sand,ARVA-ALTO-3SEAT-WARMSAND
alto-3-seater--stone,ARVA-ALTO-3SEAT-STONE
alto-3-seater--olive-green,ARVA-ALTO-3SEAT-OLIVEGREEN
alto-3-seater--sage-green,ARVA-ALTO-3SEAT-SAGEGREEN
alto-3-seater--terracotta,ARVA-ALTO-3SEAT-TERRACOTTA
alto-3-seater--rust,ARVA-ALTO-3SEAT-RUST
alto-3-seater--inky-blue,ARVA-ALTO-3SEAT-INKYBLUE
alto-loveseat--taupe,ARVA-ALTO-LOVESEAT-TAUPE
alto-loveseat--ivory,ARVA-ALTO-LOVESEAT-IVORY
alto-loveseat--beige,ARVA-ALTO-LOVESEAT-BEIGE
alto-loveseat--light-gray,ARVA-ALTO-LOVESEAT-LIGHTGRAY
alto-loveseat--charcoal,ARVA-ALTO-LOVESEAT-CHARCOAL
alto-loveseat--camel,ARVA-ALTO-LOVESEAT-CAMEL
alto-loveseat--warm-sand,ARVA-ALTO-LOVESEAT-WARMSAND
alto-loveseat--stone,ARVA-ALTO-LOVESEAT-STONE
alto-loveseat--olive-green,ARVA-ALTO-LOVESEAT-OLIVEGREEN
alto-loveseat--sage-green,ARVA-ALTO-LOVESEAT-SAGEGREEN
alto-loveseat--terracotta,ARVA-ALTO-LOVESEAT-TERRACOTTA
alto-loveseat--rust,ARVA-ALTO-LOVESEAT-RUST
alto-loveseat--inky-blue,ARVA-ALTO-LOVESEAT-INKYBLUE
oris-sectional--taupe,ARVA-ORIS-SECTIONAL-TAUPE
oris-sectional--ivory,ARVA-ORIS-SECTIONAL-IVORY
oris-sectional--beige,ARVA-ORIS-SECTIONAL-BEIGE
oris-sectional--light-gray,ARVA-ORIS-SECTIONAL-LIGHTGRAY
oris-sectional--charcoal,ARVA-ORIS-SECTIONAL-CHARCOAL
oris-sectional--camel,ARVA-ORIS-SECTIONAL-CAMEL
oris-sectional--warm-sand,ARVA-ORIS-SECTIONAL-WARMSAND
oris-sectional--stone,ARVA-ORIS-SECTIONAL-STONE
oris-sectional--olive-green,ARVA-ORIS-SECTIONAL-OLIVEGREEN
oris-sectional--sage-green,ARVA-ORIS-SECTIONAL-SAGEGREEN
oris-sectional--terracotta,ARVA-ORIS-SECTIONAL-TERRACOTTA
oris-sectional--rust,ARVA-ORIS-SECTIONAL-RUST
oris-sectional--inky-blue,ARVA-ORIS-SECTIONAL-INKYBLUE
oris-3-seater--taupe,ARVA-ORIS-3SEAT-TAUPE
oris-3-seater--ivory,ARVA-ORIS-3SEAT-IVORY
oris-3-seater--beige,ARVA-ORIS-3SEAT-BEIGE
oris-3-seater--light-gray,ARVA-ORIS-3SEAT-LIGHTGRAY
oris-3-seater--charcoal,ARVA-ORIS-3SEAT-CHARCOAL
oris-3-seater--camel,ARVA-ORIS-3SEAT-CAMEL
oris-3-seater--warm-sand,ARVA-ORIS-3SEAT-WARMSAND
oris-3-seater--stone,ARVA-ORIS-3SEAT-STONE
oris-3-seater--olive-green,ARVA-ORIS-3SEAT-OLIVEGREEN
oris-3-seater--sage-green,ARVA-ORIS-3SEAT-SAGEGREEN
oris-3-seater--terracotta,ARVA-ORIS-3SEAT-TERRACOTTA
oris-3-seater--rust,ARVA-ORIS-3SEAT-RUST
oris-3-seater--inky-blue,ARVA-ORIS-3SEAT-INKYBLUE
oris-loveseat--taupe,ARVA-ORIS-LOVESEAT-TAUPE
oris-loveseat--ivory,ARVA-ORIS-LOVESEAT-IVORY
oris-loveseat--beige,ARVA-ORIS-LOVESEAT-BEIGE
oris-loveseat--light-gray,ARVA-ORIS-LOVESEAT-LIGHTGRAY
oris-loveseat--charcoal,ARVA-ORIS-LOVESEAT-CHARCOAL
oris-loveseat--camel,ARVA-ORIS-LOVESEAT-CAMEL
oris-loveseat--warm-sand,ARVA-ORIS-LOVESEAT-WARMSAND
oris-loveseat--stone,ARVA-ORIS-LOVESEAT-STONE
oris-loveseat--olive-green,ARVA-ORIS-LOVESEAT-OLIVEGREEN
oris-loveseat--sage-green,ARVA-ORIS-LOVESEAT-SAGEGREEN
oris-loveseat--terracotta,ARVA-ORIS-LOVESEAT-TERRACOTTA
oris-loveseat--rust,ARVA-ORIS-LOVESEAT-RUST
oris-loveseat--inky-blue,ARVA-ORIS-LOVESEAT-INKYBLUE
